,MSE_mean,MSE_std,MAE_mean,MAE_std
90,340220.00952834974,47850.87702925529,448.5984630257161,38.85478519848118
365,252094.9019826231,24693.131452749534,390.9676907242616,22.930958563691433
