,MSE_mean,MSE_std,MAE_mean,MAE_std
90,284458.23653929535,27230.456630083445,397.72768721191414,22.130074918100142
365,191283.9866044817,7636.097659434224,324.60582385123473,5.001490763165806
/home/yan/ML-3