,MSE_mean,MSE_std,MAE_mean,MAE_std
90,281038.9209259213,21319.390944744635,403.2104560346137,7.094175388589204
365,252361.01185387597,10801.621207343944,384.69512567587856,10.221889485997018
